{"cameraMode":{"drawMode":0,"name":"Shaded","section":"Shading Mode"},"sceneLighting":true,"audioPlay":false,"sceneViewState":{"m_AlwaysRefresh":false,"showFog":true,"showSkybox":true,"showFlares":true,"showImageEffects":true,"showParticleSystems":true,"showVisualEffectGraphs":true,"m_FxEnabled":true},"in2DMode":false,"pivot":{"x":-11.248275756835938,"y":-5.626440048217773,"z":-53.222190856933597},"rotation":{"x":0.25831007957458498,"y":-0.0170856062322855,"z":0.00458155944943428,"w":0.9659145474433899},"size":12.412097930908204,"orthographic":false}