{"cameraMode":{"drawMode":0,"name":"Shaded","section":"Shading Mode"},"sceneLighting":true,"audioPlay":false,"sceneViewState":{"m_AlwaysRefresh":false,"showFog":true,"showSkybox":true,"showFlares":true,"showImageEffects":true,"showParticleSystems":true,"showVisualEffectGraphs":true,"m_FxEnabled":true},"in2DMode":false,"pivot":{"x":-9.322042465209961,"y":-71.36930084228516,"z":50.74043273925781},"rotation":{"x":0.32963573932647707,"y":-0.04499781131744385,"z":0.015743760392069818,"w":0.9429191946983337},"size":109.77265167236328,"orthographic":false}